<?xml version='1.0' encoding='utf-8' standalone='yes' ?>
<map>
<string name="pref_key_mms_creation_mode">FREE</string>
<string name="pref_key_ringtone">content://settings/system/notification_sound</string>
<string name="pref_key_sms_save_location">Phone</string>
<boolean name="pref_key_enable_notifications" value="true" />
<string name="pref_key_sms_input_mode">Automatic</string>
<string name="pref_key_mms_size_limit">300</string>
<string name="pref_key_mms_priority">Normal</string>
<boolean name="pref_key_mms_auto_retrieval" value="true" />
<boolean name="pref_key_wappush_enable" value="true" />
</map>
