<?xml version='1.0' encoding='utf-8' standalone='yes' ?>
<services>
<service uid="10025" authority="com.android.contacts" accountType="com.android.exchange" />
<service uid="10033" authority="com.android.contacts" accountType="com.google" />
<service uid="10025" authority="com.android.email.provider" accountType="com.android.exchange" />
<service uid="10024" authority="com.android.email.provider" accountType="com.android.email" />
<service uid="10031" authority="gmail-ls" accountType="com.google" />
<service uid="10033" authority="subscribedfeeds" accountType="com.google" />
<service uid="10025" authority="com.android.calendar" accountType="com.android.exchange" />
<service uid="10032" authority="com.android.calendar" accountType="com.google" />
</services>
