<?xml version='1.0' encoding='utf-8' standalone='yes' ?>
<stopped-packages>
<pkg name="com.tencent.mm" nl="1" />
<pkg name="com.UCMobile" nl="1" />
<pkg name="com.sohu.newsclient" nl="1" />
<pkg name="com.qihoo360.mobilesafe" nl="1" />
<pkg name="com.tencent.qqpimsecure" nl="1" />
<pkg name="com.baidu.BaiduMap" nl="1" />
<pkg name="com.oupeng.mini.android" nl="1" />
<pkg name="com.lanteanstudio.compass" nl="1" />
<pkg name="com.chaozh.iReaderFree15" nl="1" />
<pkg name="com.tencent.mobileqq" nl="1" />
<pkg name="com.baidu.searchbox" nl="1" />
<pkg name="com.sina.weibo" nl="1" />
</stopped-packages>
